"","hub_genes","GS1.FilterGenes.","datKME.MM.turquoise.FilterGenes.","geneInfo0.geneSymbol.FilterGenes."
"1","ILMN_1212720",0.407457149777948,-0.927271554455865,"PRNPIP1"
"2","ILMN_1213014",0.509498419245171,-0.837821475509292,"UMPS"
"3","ILMN_1213167",0.414405780309708,-0.880219574771005,"EIF4G2"
"4","ILMN_1213309",-0.284228526619991,0.815114918971928,"LRFN4"
"5","ILMN_1213617",0.456663926983085,-0.903227872231516,"CTSA"
"6","ILMN_1213779",-0.403652176728678,0.828580829142952,"ATG2A"
"7","ILMN_1213958",0.388959501090044,-0.92412817685416,"SEC23A"
"8","ILMN_1214110",0.519701691189363,-0.87132149758198,"RNF8"
"9","ILMN_1214318",0.388186226047376,-0.868942438149444,"RASGRP1"
"10","ILMN_1214800",0.465027332130803,-0.820164836430542,"RNF167"
"11","ILMN_1215167",0.416124308906113,-0.913875041728301,"DDX5"
"12","ILMN_1215722",0.480122037692089,-0.912154371559965,"ZDHHC13"
"13","ILMN_1216015",0.300164024007934,-0.879674519833977,"GMPPA"
"14","ILMN_1216493",0.465725730238787,-0.914981441528585,"SUCLG1"
"15","ILMN_1216812",0.393115482918486,-0.866679174573453,"NAPA"
"16","ILMN_1216822",0.493394889682216,-0.826812662906763,"INSIG2"
"17","ILMN_1216919",-0.473023342650973,0.841884426457622,"SEC24C"
"18","ILMN_1217102",-0.457064554602291,0.830543216237372,"TPCN1"
"19","ILMN_1217296",0.438676805214985,-0.903344901102439,"COPS7A"
"20","ILMN_1217298",0.32820022174033,-0.824522464398956,"2900011O08RIK"
"21","ILMN_1217926",-0.464744555441552,0.873450505226485,"2310021P13RIK"
"22","ILMN_1218474",0.463430531742541,-0.81532793902661,"E130309F12RIK"
"23","ILMN_1218627",0.46528268687425,-0.828296890735455,"5730437N04RIK"
"24","ILMN_1219275",0.480736715701409,-0.964787273987142,"RBBP7"
"25","ILMN_1220165",0.357757839399374,-0.898236280087789,"CAPZB"
"26","ILMN_1220187",0.507775609362112,-0.844681095364143,"PPP1CC"
"27","ILMN_1220586",0.418659612548433,-0.864651641499926,"PAPD4"
"28","ILMN_1220861",-0.43955021008542,0.818866897695712,"DLGAP4"
"29","ILMN_1221311",-0.401883740422683,0.809291750264455,"TTYH3"
"30","ILMN_1221340",0.438499689591928,-0.914354959981449,"PSMB7"
"31","ILMN_1223051",0.488128757429929,-0.920609693604192,"1200003C05RIK"
"32","ILMN_1223895",0.59602444550883,-0.852561089911032,"EID2"
"33","ILMN_1224368",0.348342212923591,-0.922612418146682,"IDH3G"
"34","ILMN_1224433",0.369885253937682,-0.824351922385587,"D6WSU163E"
"35","ILMN_1224802",-0.440372491197349,0.857347328165838,"PALM"
"36","ILMN_1225522",0.29857293353359,-0.851890490167278,"TRPC4AP"
"37","ILMN_1225931",0.362818904638194,-0.825225729497681,"D11MOH35"
"38","ILMN_1226334",0.424529577337335,-0.810190803456956,"MRPS18B"
"39","ILMN_1228316",0.283318127650688,-0.822462166930166,"GDI1"
"40","ILMN_1228544",0.326529053040025,-0.824894936725267,"B4GALT3"
"41","ILMN_1228546",0.422512868894833,-0.810372160814429,"CAMK1G"
"42","ILMN_1228999",0.421910034421453,-0.882790935558364,"RUVBL1"
"43","ILMN_1229238",0.486865869932376,-0.95183408885984,"MTCH2"
"44","ILMN_1229534",0.472310265969352,-0.917643600721809,"RNF167"
"45","ILMN_1229589",0.289631420380952,-0.826356870411344,"COQ6"
"46","ILMN_1229687",0.437500427418554,-0.840862833112427,"RNF141"
"47","ILMN_1230072",0.385727092217425,-0.940903190976131,"ARMC8"
"48","ILMN_1230339",-0.5568014923184,0.814529059342175,"SLC9A8"
"49","ILMN_1231447",0.41389689932045,-0.910913091721465,"TPI1"
"50","ILMN_1231810",0.340220697994214,-0.825526602721811,"UBE2E1"
"51","ILMN_1232000",0.301685531172394,-0.807122977169043,"KAT5"
"52","ILMN_1232099",0.481851520630502,-0.893451313939819,"TSPAN3"
"53","ILMN_1232851",0.425001364646861,-0.910455227946746,"RAB12"
"54","ILMN_1234558",0.483582420129623,-0.906126450824735,"TMEM33"
"55","ILMN_1235689",0.30470890364897,-0.844193321600432,"WDR37"
"56","ILMN_1236391",0.408050107077135,-0.890257735735623,"PAIP2B"
"57","ILMN_1236898",0.46045996595397,-0.802752313444051,"DDX47"
"58","ILMN_1237230",-0.451209885520306,0.833704675203372,"DGCR2"
"59","ILMN_1237695",0.504772606597364,-0.821892789820064,"PFKP"
"60","ILMN_1238654",0.373564082252337,-0.91478277211957,"GORASP2"
"61","ILMN_1238661",0.428172640984838,-0.897773779811814,"TRAPPC3"
"62","ILMN_1238919",0.331979235200532,-0.856438492916352,"DRG1"
"63","ILMN_1239110",0.436867379623693,-0.961279243681255,"EEF2"
"64","ILMN_1239384",0.373984831139682,-0.832514314051622,"PSMD10"
"65","ILMN_1239570",-0.558520093271682,0.854405012622487,"ELFN2"
"66","ILMN_1239786",0.512863949082365,-0.879859968830151,"RTN4"
"67","ILMN_1240466",0.37778493398265,-0.846094701041235,"EIF5"
"68","ILMN_1241035",0.465314757040454,-0.925603705156744,"2010311D03RIK"
"69","ILMN_1241795",0.336472704298553,-0.804572899868653,"GPBP1L1"
"70","ILMN_1241924",0.535336408740409,-0.908118631737735,"ARL6IP5"
"71","ILMN_1242178",0.425394609803413,-0.893060316368005,"ADH5"
"72","ILMN_1242595",-0.373234261134675,0.846277927773299,"P42POP"
"73","ILMN_1243283",0.423870117233705,-0.824355592142545,"LOC100046320"
"74","ILMN_1243455",-0.423150444946144,0.841712748855742,"CELSR2"
"75","ILMN_1243564",0.320495477239555,-0.870311357043202,"PLEKHA1"
"76","ILMN_1243836",0.386079793738106,-0.874670269545119,"TTYH1"
"77","ILMN_1244135",0.440833358929075,-0.860277796660649,"ARPC5"
"78","ILMN_1245489",-0.479411250458796,0.820220460551782,"2310067B10RIK"
"79","ILMN_1245987",0.420156863273926,-0.903137353902402,"HNRNPK"
"80","ILMN_1246058",0.442201294717377,-0.817764948996791,"PPP1CA"
"81","ILMN_1246495",0.433249601640363,-0.91646919291659,"TMEM9B"
"82","ILMN_1246849",0.374519548146777,-0.890700619211061,"TSSC1"
"83","ILMN_1247317",0.448333103112025,-0.872043000650741,"CCT3"
"84","ILMN_1247582",0.416488332947647,-0.904014969287541,"SNRPA"
"85","ILMN_1247990",-0.477570295613005,0.804577077342811,"PURB"
"86","ILMN_1248041",0.513693783764469,-0.816426263793771,"ROCK2"
"87","ILMN_1248381",0.411156851467321,-0.922925456625487,"MAT2B"
"88","ILMN_1248692",0.370706085560297,-0.90478051449096,"CACNG3"
"89","ILMN_1248850",-0.444532942814384,0.824064190082025,"GGA1"
"90","ILMN_1249269",0.522040107120338,-0.873439912802,"5830457O10RIK"
"91","ILMN_1249522",0.42136223884522,-0.84603013603091,"ABCF2"
"92","ILMN_1249836",0.40809772764236,-0.852745631049535,"40071"
"93","ILMN_1250000",0.376770944522386,-0.918351161438492,"1500003O03RIK"
"94","ILMN_1250469",-0.391012501023438,0.883523248979971,"BCL9L"
"95","ILMN_1251682",0.346408712992556,-0.850367257945013,"PREI4"
"96","ILMN_1252068",0.578372077514553,-0.913394945795989,"SYNJ2BP"
"97","ILMN_1252199",0.400893146698391,-0.839661563598844,"AUP1"
"98","ILMN_1252214",0.449008168286596,-0.956782248599025,"PFKM"
"99","ILMN_1252294",0.422535651990448,-0.95369829781328,"EEF2"
"100","ILMN_1252389",0.463255013757322,-0.90091089391942,"LOC100046136"
"101","ILMN_1252819",0.320646589133517,-0.808795039728934,"PRMT7"
"102","ILMN_1254113",0.451723570573596,-0.885345812376472,"SNX2"
"103","ILMN_1254154",-0.397723126686226,0.922679217943556,"BAT2"
"104","ILMN_1254231",0.456694994420444,-0.826559772508523,"UCK1"
"105","ILMN_1254697",0.484766122914725,-0.93189756549227,"RTN1"
"106","ILMN_1254837",0.342983876659216,-0.801024230001111,"RAB7"
"107","ILMN_1255263",0.299683163007256,-0.821919906241888,"SCAMP5"
"108","ILMN_1255332",0.411989853428478,-0.809607322557457,"LSAMP"
"109","ILMN_1255644",-0.358020276432585,0.816198364714041,"ATN1"
"110","ILMN_1255741",0.306866992559294,-0.820622744580706,"CDK10"
"111","ILMN_1255745",0.580796116381904,-0.93335091170829,"TPRGL"
"112","ILMN_1255927",-0.399332986263316,0.853700357646266,"UBTF"
"113","ILMN_1256019",0.433959216162938,-0.905285577034071,"LOC333331"
"114","ILMN_1256671",0.434478687751212,-0.851281230572693,"HNRNPH1"
"115","ILMN_1257193",0.346234080108195,-0.823790269508949,"PPM1A"
"116","ILMN_1257279",0.328061687520561,-0.820447768948477,"VPS41"
"117","ILMN_1257751",-0.325009531446436,0.805152385967703,"DLGAP3"
"118","ILMN_1257872",0.497547581407458,-0.893884448551472,"4933434E20RIK"
"119","ILMN_1258086",-0.305056007266091,0.85938039650302,"SETD1B"
"120","ILMN_1258534",0.445361578347326,-0.923894827313216,"ATP6V0D1"
"121","ILMN_1258782",0.561387684310547,-0.837679140986148,"HIP2"
"122","ILMN_1258846",0.440636700140231,-0.898819174776981,"KRR1"
"123","ILMN_1259754",0.419278383160695,-0.929553081130759,"RNF4"
"124","ILMN_2420200",0.397570485828107,-0.875636382230822,"USP8"
"125","ILMN_2420505",0.267306151594147,-0.815574468986417,"VPS16"
"126","ILMN_2428963",0.327407002455393,-0.850351336936521,"XPNPEP1"
"127","ILMN_2435079",0.472794294408076,-0.83912630823714,"ZMPSTE24"
"128","ILMN_2440530",-0.468844688244954,0.836120906662636,"VAT1"
"129","ILMN_2441335",-0.457907557519572,0.823925929698275,"ABCG1"
"130","ILMN_2444316",0.337968811074679,-0.88383580862324,"TPM3"
"131","ILMN_2445477",0.393724864942505,-0.876893064814599,"WARS"
"132","ILMN_2458671",0.386267635580758,-0.814584742461733,"VLDLR"
"133","ILMN_2463447",0.384654991698691,-0.928150275408451,"TRAPPC3"
"134","ILMN_2466034",0.616927204424214,-0.814676189474983,"UBL4"
"135","ILMN_2471634",0.49693691812431,-0.931351934821288,"ZMPSTE24"
"136","ILMN_2479530",0.409668106405842,-0.821673016249629,"ZHX1"
"137","ILMN_2479666",0.401880197710186,-0.822005728178201,"UCK1"
"138","ILMN_2479786",0.43208215574447,-0.832601759380144,"UBQLN1"
"139","ILMN_2482026",0.518306045690824,-0.866976007689212,"UBE2G1"
"140","ILMN_2482555",0.415589277184842,-0.865697932994812,"UBQLN1"
"141","ILMN_2482766",0.453151853473393,-0.925411113488256,"TSPYL1"
"142","ILMN_2492161",0.406395219341707,-0.92324717032575,"TSSC1"
"143","ILMN_2498173",0.456990821665993,-0.900017553367655,"UROS"
"144","ILMN_2503748",0.388453183437721,-0.847234239176949,"TRAPPC3"
"145","ILMN_2505307",0.425190953919163,-0.910326314504562,"YME1L1"
"146","ILMN_2506144",0.507906645994863,-0.904557376505861,"VAPB"
"147","ILMN_2507883",0.338557775686069,-0.834822792210409,"WDR13"
"148","ILMN_2509139",0.495652477548925,-0.823934466658499,"TRAM1"
"149","ILMN_2512042",0.461254052332969,-0.925162515369296,"UBE2E3"
"150","ILMN_2512043",0.43601542741061,-0.917377313955547,"LOC100047012"
"151","ILMN_2520635",0.364471029219869,-0.807738820327312,"YTHDF2"
"152","ILMN_2533766",0.423278279398993,-0.808116066225814,"CCDC109A"
"153","ILMN_2589181",0.38969214879679,-0.949420004441114,"EEF2"
"154","ILMN_2589266",0.545371311372972,-0.873000304589293,"MRRF"
"155","ILMN_2589477",0.465702549430807,-0.939468574162369,"DARS"
"156","ILMN_2590349",0.316639738199053,-0.82996000969008,"2510010F15RIK"
"157","ILMN_2590350",0.434393865721249,-0.897796717308992,"UBE2F"
"158","ILMN_2592059",-0.471552436473889,0.926951772563292,"SPEN"
"159","ILMN_2593368",0.397773943305754,-0.810250426309083,"MAT2A"
"160","ILMN_2594419",0.429259816049849,-0.806413195790172,"GIPC1"
"161","ILMN_2594521",0.395396052292215,-0.807173200670636,"NSDHL"
"162","ILMN_2594525",0.402692617071751,-0.820400639050582,"NSDHL"
"163","ILMN_2596907",0.48642693733749,-0.84011310413055,"PPP2R5D"
"164","ILMN_2598520",0.376709689347256,-0.90948597443192,"2410091C18RIK"
"165","ILMN_2598883",0.40376866498091,-0.888494150391921,"POLDIP3"
"166","ILMN_2598946",-0.397881518151948,0.804052664196938,"BAI2"
"167","ILMN_2599615",0.372813335685466,-0.919256434159005,"ERGIC3"
"168","ILMN_2604676",0.375192303788034,-0.859411183741195,"B230317C12RIK"
"169","ILMN_2605566",0.230981082501116,-0.806246623079883,"SDCCAG3"
"170","ILMN_2606015",0.279096078815133,-0.827752723765899,"2500002L14RIK"
"171","ILMN_2606579",0.300908348257369,-0.821314103246089,"GPSN2"
"172","ILMN_2606862",0.523409321527304,-0.824083955462983,"CACNB2"
"173","ILMN_2607160",0.570568665259663,-0.815833745592059,"PUM2"
"174","ILMN_2607377",0.340768089421887,-0.820171134869506,"ITM2A"
"175","ILMN_2608429",0.444442067018815,-0.931983943510887,"ATP6V0D1"
"176","ILMN_2609457",0.372613917672479,-0.902715844107483,"GORASP2"
"177","ILMN_2612350",0.283553622178108,-0.830831867634353,"STX18"
"178","ILMN_2613641",0.366838367186414,-0.819907257984089,"LOC100045617"
"179","ILMN_2614895",0.501833920314227,-0.856147944771395,"NUS1"
"180","ILMN_2615170",0.449060208567432,-0.849462740290045,"ACAD8"
"181","ILMN_2615741",0.435703312432124,-0.809662325579125,"EIF3S8"
"182","ILMN_2615855",0.462945059013243,-0.87317140585223,"HNRNPA2B1"
"183","ILMN_2616422",0.457557884242754,-0.844907716810881,"2310005E10RIK"
"184","ILMN_2616768",0.496676842127716,-0.91462894740072,"TMEM49"
"185","ILMN_2617433",0.510062934944894,-0.876502136932299,"ACTB"
"186","ILMN_2618549",0.37361623568825,-0.917741913973101,"RAB7"
"187","ILMN_2619249",0.436394940784522,-0.906311148757636,"SNX14"
"188","ILMN_2621697",0.436235587543786,-0.839978608854468,"ACSL6"
"189","ILMN_2622735",-0.440968304207226,0.91025233710372,"RNF40"
"190","ILMN_2626309",0.467610012696246,-0.870832542375373,"RBM18"
"191","ILMN_2626939",-0.388120664458557,0.807857486287292,"DAXX"
"192","ILMN_2628657",0.434024075542317,-0.953298181842419,"ATP6AP2"
"193","ILMN_2628658",0.443031884449853,-0.960343581113708,"ATP6AP2"
"194","ILMN_2629591",0.413588212525523,-0.941908684036404,"ASAH1"
"195","ILMN_2629982",0.554991466697039,-0.811383255123521,"HDHD2"
"196","ILMN_2630593",0.501159032459193,-0.860920353574267,"EMD"
"197","ILMN_2630605",-0.465235152917419,0.825753486074348,"FSCN1"
"198","ILMN_2630641",0.481128018228754,-0.840991884795105,"SRM"
"199","ILMN_2630975",0.306422636328983,-0.867766368347296,"GDI1"
"200","ILMN_2632076",0.367566788306748,-0.805285361825134,"CTPS2"
"201","ILMN_2632299",0.292038458775052,-0.850865825807867,"GDI1"
"202","ILMN_2632940",0.41599102852293,-0.882403918515486,"SUMO1"
"203","ILMN_2632942",0.416057698402827,-0.916870027107587,"SUMO1"
"204","ILMN_2633872",0.267275885825461,-0.854973478241343,"CDK10"
"205","ILMN_2636360",0.236847486148035,-0.804683658701007,"SCOTIN"
"206","ILMN_2637792",0.546446566307371,-0.818311800804663,"CRYZ"
"207","ILMN_2638066",0.400438031527132,-0.815910567861736,"GRIA3"
"208","ILMN_2639036",0.481976291225,-0.966240428264868,"HSPD1"
"209","ILMN_2639454",0.503958938898539,-0.922700406794315,"SMU1"
"210","ILMN_2640082",0.31953190450746,-0.842302536465347,"ATP6V1G2"
"211","ILMN_2640742",0.557684571943692,-0.876749228431056,"UBE2K"
"212","ILMN_2642411",0.327010665028586,-0.830897499671121,"2310035C23RIK"
"213","ILMN_2643915",0.434247870508322,-0.885266944009293,"ETV1"
"214","ILMN_2645171",0.300334050689132,-0.885164866571742,"EEF1A2"
"215","ILMN_2645439",0.324270652654212,-0.827818419569891,"BMI1"
"216","ILMN_2646938",0.388924722049223,-0.870637241555481,"MTX1"
"217","ILMN_2647627",0.440719888990913,-0.843068045310273,"PPP1CB"
"218","ILMN_2647628",0.473300429955667,-0.870394272821411,"PPP1CB"
"219","ILMN_2648397",0.402919814419332,-0.951938222875253,"ANAPC5"
"220","ILMN_2649709",0.475788069755982,-0.891220113073681,"ETV1"
"221","ILMN_2649828",0.473676780840199,-0.898662236701553,"MAPK1"
"222","ILMN_2650868",0.319224315654354,-0.801900865391272,"INO80C"
"223","ILMN_2651197",0.467785454767141,-0.819982666581101,"PTPN12"
"224","ILMN_2655668",0.359762848881869,-0.863603392527767,"SEC61A2"
"225","ILMN_2658219",0.432073145517702,-0.864116565026133,"M6PR"
"226","ILMN_2659062",0.385712897435857,-0.851146160913174,"ADD1"
"227","ILMN_2659063",0.415780847726843,-0.842859801500409,"ADD1"
"228","ILMN_2659503",0.441123056141324,-0.895298186975198,"CDH13"
"229","ILMN_2660182",0.346658061735322,-0.817366034803504,"ACOT7"
"230","ILMN_2660267",0.415250795951516,-0.82802016671026,"DNM1L"
"231","ILMN_2661107",0.474354486661485,-0.891508523461958,"ATL2"
"232","ILMN_2663555",0.318743274731464,-0.877814953032794,"ASB3"
"233","ILMN_2664491",0.425388396539471,-0.867718330315322,"SNX2"
"234","ILMN_2664950",-0.287796878982804,0.837807529374734,"PHF2"
"235","ILMN_2665131",-0.476056863689461,0.822275529888436,"IHPK1"
"236","ILMN_2667144",0.318261271963117,-0.828742840738162,"ENDOGL1"
"237","ILMN_2667842",0.388102333039141,-0.840758143811864,"TBRG1"
"238","ILMN_2667972",0.491008462896848,-0.815016208129299,"CUGBP1"
"239","ILMN_2668001",0.422946057144734,-0.822856861133416,"BXDC2"
"240","ILMN_2669034",0.348060254593689,-0.892975034380784,"ABCF2"
"241","ILMN_2669280",0.463779084656949,-0.833716380096623,"EDEM2"
"242","ILMN_2670662",0.411159034230034,-0.901119683635391,"CSDE1"
"243","ILMN_2672798",0.416906339814705,-0.937701905021203,"PSMD5"
"244","ILMN_2672997",0.298829139864758,-0.852043180560725,"RABIF"
"245","ILMN_2673233",0.478031933218611,-0.940637604820876,"PFKP"
"246","ILMN_2675078",0.430995236828611,-0.862106776720717,"RNF14"
"247","ILMN_2676165",0.524016365165351,-0.817274293884177,"LSM14B"
"248","ILMN_2678547",0.320593418551985,-0.886346826832384,"LYPLA1"
"249","ILMN_2678828",0.423832545043238,-0.957597795603648,"EIF5A"
"250","ILMN_2679695",0.471803335867498,-0.900263887797484,"MTERFD2"
"251","ILMN_2680618",-0.436645053699383,0.881756269986149,"CRTC1"
"252","ILMN_2680745",0.495749556260251,-0.813043599169189,"GABBR1"
"253","ILMN_2680808",0.362747938157822,-0.865929844481322,"HNRNPH2"
"254","ILMN_2682173",0.296913720405186,-0.810199150731112,"MFSD11"
"255","ILMN_2682516",-0.490755813156934,0.913036943827086,"WIPI2"
"256","ILMN_2682787",0.335191709774828,-0.842654882394481,"COPS7A"
"257","ILMN_2682811",0.427231759091831,-0.935689915810416,"RNF14"
"258","ILMN_2683363",-0.441690172233318,0.869139045748209,"ORF61"
"259","ILMN_2684528",0.393451042049334,-0.883577805778686,"GPM6A"
"260","ILMN_2685695",0.479279111679021,-0.910100813011556,"ING3"
"261","ILMN_2685696",0.46075226710209,-0.912719734490668,"ING3"
"262","ILMN_2686603",0.335667864873684,-0.836137336156943,"LOC100046406"
"263","ILMN_2687744",0.42376700005144,-0.922622500898912,"RNF167"
"264","ILMN_2688923",0.415480591660545,-0.89026928012311,"HNRNPH1"
"265","ILMN_2691187",0.495278029363871,-0.973819182068715,"RBBP7"
"266","ILMN_2691192",0.474353240724963,-0.961117169996688,"RBBP7"
"267","ILMN_2693124",0.378552943317866,-0.904748999147492,"RAB1B"
"268","ILMN_2693459",0.470245458407754,-0.842076074440133,"SSBP2"
"269","ILMN_2693461",0.41963057325933,-0.881241693515672,"SSBP2"
"270","ILMN_2695528",0.471230839860422,-0.892717202612293,"TMED4"
"271","ILMN_2698606",0.448497526428042,-0.919893083321102,"TMED4"
"272","ILMN_2699167",0.394214458745401,-0.836049953821162,"LOC100046918"
"273","ILMN_2700022",0.473336345930918,-0.845213529500644,"ARL2BP"
"274","ILMN_2700126",0.386279894120262,-0.889753701300747,"ARFGAP1"
"275","ILMN_2700425",-0.388420133771034,0.81627629209581,"ATP9B"
"276","ILMN_2702471",0.554443085030554,-0.856139228274865,"ADK"
"277","ILMN_2702767",0.448287083143959,-0.849758610260252,"SLC35A1"
"278","ILMN_2704822",0.411245219172228,-0.831952681571094,"ACAA2"
"279","ILMN_2704823",0.389142707472287,-0.836201749423955,"ACAA2"
"280","ILMN_2704826",0.499862020000955,-0.832014391284258,"ACAA2"
"281","ILMN_2705119",0.354124019099155,-0.917296934437159,"LOC100047353"
"282","ILMN_2705324",-0.418836941941578,0.901827750584019,"HIPK2"
"283","ILMN_2705367",-0.435299180690881,0.877144420257434,"EHMT2"
"284","ILMN_2708297",0.534107861398885,-0.925767125084775,"MTCH1"
"285","ILMN_2708397",0.474559334834911,-0.944387291151924,"BC003885"
"286","ILMN_2708440",0.465449282888426,-0.938471353502958,"SNX12"
"287","ILMN_2713039",0.432016632530532,-0.911223114087222,"TTC33"
"288","ILMN_2713686",0.470120839115678,-0.91915859560495,"PNPO"
"289","ILMN_2713879",-0.557085240889725,0.844280582377469,"DENND1A"
"290","ILMN_2715304",0.436718607891581,-0.960301032674266,"NECAP1"
"291","ILMN_2716014",0.346243936750535,-0.83263635531039,"LOC667609"
"292","ILMN_2716527",0.434536912859707,-0.83445543382004,"MAPK9"
"293","ILMN_2717199",0.380316111790422,-0.832354659950544,"SDF2"
"294","ILMN_2717374",0.414203936201991,-0.900483674356996,"PCMT1"
"295","ILMN_2717569",0.496814816247933,-0.921581580546423,"UFSP2"
"296","ILMN_2717727",-0.406899746590002,0.803935920898562,"HERC2"
"297","ILMN_2718791",-0.361312756392931,0.823629983447145,"SPHK2"
"298","ILMN_2719888",0.435389011080031,-0.909940637747922,"G3BP1"
"299","ILMN_2720634",0.415337533728595,-0.859967672542724,"PRMT5"
"300","ILMN_2722497",0.48439697320522,-0.834859020344752,"SLC37A3"
"301","ILMN_2723108",0.416193725983536,-0.955389707116235,"TSC22D1"
"302","ILMN_2723576",0.473032191487751,-0.844151144314156,"CLDN10"
"303","ILMN_2724339",0.387642192732847,-0.908580735723734,"DTNA"
"304","ILMN_2724530",0.371255863611154,-0.802769835561765,"PMM2"
"305","ILMN_2724643",0.426950372792624,-0.805492847551682,"IMP4"
"306","ILMN_2725286",0.441924734786466,-0.96178165407155,"ATP6AP2"
"307","ILMN_2725402",0.398695420039122,-0.826996761636897,"NSDHL"
"308","ILMN_2725902",0.363052218230513,-0.867849192389457,"VSTM2A"
"309","ILMN_2726159",0.329082139038845,-0.821077531163088,"SS18L1"
"310","ILMN_2726162",0.38196767242589,-0.809444327405735,"SS18L1"
"311","ILMN_2726397",-0.44255995551301,0.811101766282774,"KCNH3"
"312","ILMN_2727847",-0.526594838724329,0.872429601416237,"KALRN"
"313","ILMN_2729953",0.40680022685625,-0.831581996354761,"PPM1B"
"314","ILMN_2729985",0.335341540102992,-0.831286349335201,"COPS4"
"315","ILMN_2730514",0.474032380323907,-0.880245404719158,"HERPUD2"
"316","ILMN_2732229",0.452374618596902,-0.861723046829927,"PRDX3"
"317","ILMN_2732476",0.408175961790468,-0.847713994863535,"RNF34"
"318","ILMN_2732877",0.401760961607137,-0.851057604622217,"1700034H14RIK"
"319","ILMN_2732961",0.406182154249168,-0.850485636627544,"MFF"
"320","ILMN_2733277",0.363631906130607,-0.852187082453373,"SLC25A36"
"321","ILMN_2733380",0.458748955757915,-0.913220734015284,"SNX17"
"322","ILMN_2734152",0.485824066937917,-0.832431485241773,"E2F6"
"323","ILMN_2737479",-0.499643448382662,0.81889864974615,"SLC12A9"
"324","ILMN_2740151",0.406943742135989,-0.812267853688627,"CHPT1"
"325","ILMN_2740152",0.36873842521401,-0.806415919640536,"CHPT1"
"326","ILMN_2742626",0.323495726910911,-0.895286943813011,"SPIN"
"327","ILMN_2744683",0.389069306471829,-0.834052056758965,"SIRPA"
"328","ILMN_2745037",0.330625011503647,-0.838389113070971,"ARL2BP"
"329","ILMN_2746075",0.413090137436819,-0.898623779221997,"CSNK1D"
"330","ILMN_2747735",0.460697350625737,-0.843496948402988,"SEC22A"
"331","ILMN_2747912",0.334891698926611,-0.819551233535856,"RAB24"
"332","ILMN_2749866",-0.372361540208474,0.800261996395922,"BAP1"
"333","ILMN_2749955",0.440299265701976,-0.878882815036044,"2400003C14RIK"
"334","ILMN_2750098",0.273753977266867,-0.816608921554116,"CHMP7"
"335","ILMN_2751054",0.412313465360112,-0.819958511938781,"ATF2"
"336","ILMN_2751539",0.451860061384033,-0.881280058353615,"SDCBP"
"337","ILMN_2751653",0.375241532086967,-0.813878850876259,"PNPLA8"
"338","ILMN_2752867",0.493807522215616,-0.844728843577922,"SYNJ2BP"
"339","ILMN_2753761",0.54447834546618,-0.813013555304639,"2010004A03RIK"
"340","ILMN_2754690",0.479215761509399,-0.870292609950406,"ACAD8"
"341","ILMN_2757150",-0.529245971743785,0.800781415322297,"PCTK1"
"342","ILMN_2758878",0.510595743737179,-0.873384219559044,"TMEM66"
"343","ILMN_2760593",-0.364604360961974,0.830288237578068,"D030051N19RIK"
"344","ILMN_2761662",-0.480574623797464,0.929018842916912,"SAMD4B"
"345","ILMN_2763602",0.396267518298554,-0.934698770713786,"MAEA"
"346","ILMN_2768841",-0.284174341455676,0.824539349168137,"RAB22A"
"347","ILMN_2775005",-0.454078538942472,0.813488034422209,"NUMBL"
"348","ILMN_2776025",0.49365523043468,-0.841144757107895,"FKBP1A"
"349","ILMN_2776230",0.390625898017736,-0.824625026929487,"SUMO3"
"350","ILMN_2776231",0.486555323823926,-0.848965360016134,"SUMO3"
"351","ILMN_2776876",0.461573152599399,-0.832615085303959,"RPRD1A"
"352","ILMN_2776910",0.432454220151097,-0.916944155806234,"MOBKL3"
"353","ILMN_2776911",0.309648152859688,-0.805840509290415,"PREI3"
"354","ILMN_2781602",0.359545418138961,-0.802435013875002,"IER3IP1"
"355","ILMN_2786764",0.407464609046247,-0.826042308739744,"RAB5A"
"356","ILMN_2790181",0.338015540813137,-0.846352271975145,"PHGDH"
"357","ILMN_2790486",0.471303542681674,-0.90960840273906,"ATP5F1"
"358","ILMN_2813724",-0.437317676032396,0.879774970941686,"BAI2"
"359","ILMN_2815626",-0.330244401362696,0.803674524540827,"PALM"
"360","ILMN_2822229",0.38581329787944,-0.870536281304952,"ZDHHC17"
"361","ILMN_2828731",-0.640152875819908,0.843038767181925,"SCRIB"
"362","ILMN_2832608",0.494349193123628,-0.828490285510639,"FVT1"
"363","ILMN_2838871",-0.39968322691412,0.852643088194093,"SIDT2"
"364","ILMN_2842767",-0.440380949602508,0.820231548079161,"NACC1"
"365","ILMN_2843891",0.385458951017244,-0.897389391226674,"CACNG3"
"366","ILMN_2844153",-0.40654268992051,0.812567227047268,"BC024868"
"367","ILMN_2852380",0.399358162599783,-0.834213908773992,"SRP54"
"368","ILMN_2866099",-0.441953276634745,0.889321840959985,"MMP24"
"369","ILMN_2867696",-0.44244322053848,0.839685986175486,"CDC42BPB"
"370","ILMN_2884126",-0.518241980295445,0.822925859490249,"PHLDB1"
"371","ILMN_2893077",0.429673720343692,-0.862947106511556,"RPS6"
"372","ILMN_2894943",-0.47719130640887,0.871107808766692,"GGA1"
"373","ILMN_2898440",-0.45956269881541,0.834942556071635,"EPB4.1L5"
"374","ILMN_2905386",0.508207152035774,-0.877408733945139,"EG433923"
"375","ILMN_2912872",0.453165317992709,-0.895294888400067,"NDFIP1"
"376","ILMN_2916116",0.407887386350111,-0.807097569145427,"RPS7"
"377","ILMN_2918479",0.492250340514861,-0.963160089038303,"HSPA8"
"378","ILMN_2923599",-0.440816079357961,0.841572223483371,"XPO6"
"379","ILMN_2928160",-0.486158098527267,0.837088191957595,"VARS"
"380","ILMN_2943972",0.460382584480514,-0.879543871648794,"CXX1C"
"381","ILMN_2948649",-0.371603697110546,0.881555003198036,"HELZ"
"382","ILMN_2952779",0.286725552743249,-0.814715634515505,"CXX1A"
"383","ILMN_2953017",-0.467193162140257,0.869827522998068,"SMG7"
"384","ILMN_2956765",0.492507507194916,-0.81582383411542,"VDAC3"
"385","ILMN_2957614",0.426787310613222,-0.934818167474636,"ADSS"
"386","ILMN_2959976",0.345664056925246,-0.911225530615988,"TOM1"
"387","ILMN_2976250",-0.417005709821736,0.815971694924631,"MLLT1"
"388","ILMN_2987161",-0.5056143386061,0.804500801765319,"CNOT3"
"389","ILMN_2991574",0.356019606561275,-0.827170905013322,"FAM13C"
"390","ILMN_2998813",-0.474710485659248,0.816421036374546,"SEMA4F"
"391","ILMN_3013874",0.423681449066503,-0.954481142401452,"EG434858"
"392","ILMN_3018758",0.479522530853441,-0.910325154114544,"BECN1"
"393","ILMN_3028493",0.441451760595144,-0.848986902364503,"PPP2R2B"
"394","ILMN_3031099",0.479650294716633,-0.890438049987334,"COQ10B"
"395","ILMN_3033922",0.357669444618339,-0.854517120078634,"0610007C21RIK"
"396","ILMN_3040710",0.488981638926718,-0.828341046984733,"RTN1"
"397","ILMN_3041839",0.371411414894484,-0.870821521252886,"PDHB"
"398","ILMN_3047749",0.329038585477495,-0.848211929103564,"CACNB4"
"399","ILMN_3047987",0.307557730699418,-0.804378896272148,"WDR37"
"400","ILMN_3059393",0.452537460886588,-0.8948547895949,"SNCA"
"401","ILMN_3059476",0.436210573313457,-0.85527626589824,"SESN1"
"402","ILMN_3060766",0.398662618332239,-0.809419560371309,"ATL2"
"403","ILMN_3062286",0.505329974378737,-0.869214532867048,"PHACTR1"
"404","ILMN_3062470",0.500444702519683,-0.884883074638241,"CRLS1"
"405","ILMN_3063644",0.332274348426635,-0.86910334537885,"SYT11"
"406","ILMN_3064669",0.322501686255821,-0.826398426085181,"MAPK1IP1"
"407","ILMN_3068231",0.38733566976882,-0.843692123006013,"MAX"
"408","ILMN_3070576",0.436840867004988,-0.872306369314291,"LGSN"
"409","ILMN_3070992",0.468743550202159,-0.871521472993901,"GPR27"
"410","ILMN_3075003",0.378098769166315,-0.864962761588278,"MLF2"
"411","ILMN_3077377",0.332729490772141,-0.806028844297176,"WARS"
"412","ILMN_3079421",0.418834781372575,-0.826015319851654,"PDE6D"
"413","ILMN_3079645",0.459937502563056,-0.928790295513132,"PRKCZ"
"414","ILMN_3085317",0.4665165384664,-0.887859353042303,"ZC3H14"
"415","ILMN_3094886",0.528913395581762,-0.8784923826218,"ABI1"
"416","ILMN_3096701",0.406965854020597,-0.892574624077368,"HNRPA1"
"417","ILMN_3096750",0.338984501439525,-0.808657497389982,"SEH1L"
"418","ILMN_3107377",0.462354402170092,-0.90958269897354,"DNAJB6"
"419","ILMN_3110132",0.521400591162005,-0.829248925074309,"D11BWG0517E"
"420","ILMN_3111334",0.266966387664682,-0.806478096919345,"RSRC2"
"421","ILMN_3112185",0.406517036946693,-0.840531581104982,"ENSA"
"422","ILMN_3114365",0.481905751109721,-0.918233013775594,"TXNL4A"
"423","ILMN_3120652",0.482671001266121,-0.812015517059348,"SMAP2"
"424","ILMN_3121851",0.398252158187474,-0.899941141373133,"PPP2R5C"
"425","ILMN_3124160",-0.479070442874076,0.878972989236711,"AMBRA1"
"426","ILMN_3124787",0.409987642530839,-0.825240452431469,"TMEM47"
"427","ILMN_3132050",0.446821631899729,-0.91574876059186,"RASGRF1"
"428","ILMN_3132223",-0.533148197674619,0.805158028498693,"C630004H02RIK"
"429","ILMN_3139668",-0.532922742408178,0.805090537628307,"CPSF1"
"430","ILMN_3140516",-0.385764719162138,0.841550965599284,"RAPGEF1"
"431","ILMN_3141781",0.331216151218433,-0.837034597049761,"TTC19"
"432","ILMN_3141830",0.558363575775011,-0.889303942157397,"STX8"
"433","ILMN_3145881",0.403703631371324,-0.913913768828167,"CNOT2"
"434","ILMN_3147724",-0.381121186475305,0.816799099295373,"EHMT2"
"435","ILMN_3148543",-0.471161312751549,0.818866640368187,"SRC"
"436","ILMN_3149251",0.418889839435463,-0.885470904633198,"LGSN"
"437","ILMN_3154007",0.350402596886695,-0.814049504035505,"COPG"
"438","ILMN_3155180",-0.441528793925107,0.827133231493291,"ITPR2"
"439","ILMN_3156529",-0.563376728573311,0.817349969245246,"SLC9A8"
"440","ILMN_3157232",0.462026459843407,-0.924386362971074,"ZC4H2"
"441","ILMN_3157764",0.42527489895256,-0.935854208052851,"GOLGA7"
"442","ILMN_3161897",0.392368262928751,-0.858206514041932,"DYNC1LI2"
"443","ILMN_3162895",0.392749972884335,-0.855903120320706,"TCEAL3"
"444","ILMN_3163110",-0.432499954423525,0.858483615488011,"GRIK5"
"445","ILMN_3163539",-0.529063136355923,0.897540671191638,"ZMIZ2"
